{"cameraMode":{"drawMode":0,"name":"Shaded","section":"Shading Mode"},"sceneLighting":true,"audioPlay":false,"sceneViewState":{"m_AlwaysRefresh":false,"showFog":true,"showSkybox":true,"showFlares":true,"showImageEffects":true,"showParticleSystems":true,"showVisualEffectGraphs":true,"m_FxEnabled":true},"in2DMode":false,"pivot":{"x":0.854419469833374,"y":0.9611841440200806,"z":-3.5145745277404787},"rotation":{"x":-0.06925564259290695,"y":0.9230785369873047,"z":-0.19849416613578797,"w":-0.32206660509109499},"size":1.807895302772522,"orthographic":false}